{
  "en": {
    "user": "User",
    "dashboard": "Financial Dashboard",
    "overview": "Overview",
    "payments": "Payments",
    "analytics": "Analytics",
    "services": "Services",
    "profile": "Edit Profile",
    "help": "Help",
    "budgetWeekly": "Weekly Budget / Remaining",
    "weeklyExpenses": "Weekly Expenses",
    "weeklyIncome": "Weekly Income",
    "dailySpending": "Average Daily Spending",
    "monthlyBudget": "Monthly Budget / Remaining",
    "monthlyExpenses": "Monthly Expenses",
    "monthlyIncome": "Monthly Income",
    "monthlySavings": "Monthly Savings Goal",
    "transactionsTable": "Client Transactions Table",
    "idNumber": "ID Number",
    "clientName": "Client Name",
    "date": "Date",
    "type": "Type",
    "amount": "Amount",
    "description": "Description"
  },
  "it": {
    "user": "Utente",
    "dashboard": "Dashboard Finanziario",
    "overview": "Panoramica",
    "payments": "Pagamenti",
    "analytics": "Analisi",
    "services": "Servizi",
    "profile": "Modifica Profilo",
    "help": "Aiuto",
    "budgetWeekly": "Budget Settimanale / Residuo",
    "weeklyExpenses": "Spese Settimanali",
    "weeklyIncome": "Entrate Settimanali",
    "dailySpending": "Spesa Media Giornaliera",
    "monthlyBudget": "Budget Mensile / Residuo",
    "monthlyExpenses": "Spese Mensili",
    "monthlyIncome": "Entrate Mensili",
    "monthlySavings": "Obiettivo di Risparmio Mensile",
    "transactionsTable": "Tabella delle Transazioni",
    "idNumber": "Numero ID",
    "clientName": "Nome Cliente",
    "date": "Data",
    "type": "Tipo",
    "amount": "Importo",
    "description": "Descrizione"
  },
  "fr": {
    "user": "Utilisateur",
    "dashboard": "Tableau de Bord Financier",
    "overview": "Aperçu",
    "payments": "Paiements",
    "analytics": "Analytique",
    "services": "Services",
    "profile": "Modifier le Profil",
    "help": "Aide",
    "budgetWeekly": "Budget Hebdomadaire / Restant",
    "weeklyExpenses": "Dépenses Hebdomadaires",
    "weeklyIncome": "Revenus Hebdomadaires",
    "dailySpending": "Dépenses Moyennes Quotidiennes",
    "monthlyBudget": "Budget Mensuel / Restant",
    "monthlyExpenses": "Dépenses Mensuelles",
    "monthlyIncome": "Revenus Mensuels",
    "monthlySavings": "Objectif d'Épargne Mensuelle",
    "transactionsTable": "Tableau des Transactions",
    "idNumber": "Numéro ID",
    "clientName": "Nom du Client",
    "date": "Date",
    "type": "Type",
    "amount": "Montant",
    "description": "Description"
  },
  "es": {
    "user": "Usuario",
    "dashboard": "Panel Financiero",
    "overview": "Resumen",
    "payments": "Pagos",
    "analytics": "Analítica",
    "services": "Servicios",
    "profile": "Editar Perfil",
    "help": "Ayuda",
    "budgetWeekly": "Presupuesto Semanal / Restante",
    "weeklyExpenses": "Gastos Semanales",
    "weeklyIncome": "Ingresos Semanales",
    "dailySpending": "Gasto Diario Promedio",
    "monthlyBudget": "Presupuesto Mensual / Restante",
    "monthlyExpenses": "Gastos Mensuales",
    "monthlyIncome": "Ingresos Mensuales",
    "monthlySavings": "Meta de Ahorro Mensual",
    "transactionsTable": "Tabla de Transacciones",
    "idNumber": "Número ID",
    "clientName": "Nombre del Cliente",
    "date": "Fecha",
    "type": "Tipo",
    "amount": "Cantidad",
    "description": "Descripción"
  }
}